{
  "aggregate": [
    {
      "collision_rate_over_stream_ci95": 0.0019292934821007997,
      "collision_rate_over_stream_mean": 0.07724333333333334,
      "collision_rate_over_stream_se": 0.000984333409235102,
      "early_exact_policy_gain_ci95": 0.13237766476120988,
      "early_exact_policy_gain_mean": 1.5744444508813393,
      "early_exact_policy_gain_se": 0.06753962487816831,
      "elapsed_seconds_ci95": 0.01523722495579356,
      "elapsed_seconds_mean": 3.6749879656049114,
      "elapsed_seconds_se": 0.0077740943652007954,
      "goals_per_1000_over_stream_ci95": 0.9935224889885536,
      "goals_per_1000_over_stream_mean": 150.21444444444444,
      "goals_per_1000_over_stream_se": 0.5068992290757927,
      "label": "Q-learning",
      "learning_curve_gain_auc_ci95": 0.03233131403370905,
      "learning_curve_gain_auc_mean": 1.9359161436688033,
      "learning_curve_gain_auc_se": 0.016495568384545432,
      "method": "q_learning",
      "n": 30,
      "oracle_gain": 2.3901108733171577,
      "policy_gain_ratio": 0.8221136709851877,
      "steps_to_80pct_oracle_ci95": 427.9036666035012,
      "steps_to_80pct_oracle_mean": 1866.6666666666667,
      "steps_to_80pct_oracle_se": 218.3181972466843,
      "tail_exact_policy_gain_ci95": 0.08020239507394043,
      "tail_exact_policy_gain_mean": 1.9649428241243814,
      "tail_exact_policy_gain_se": 0.040919589323439,
      "tail_interval_average_reward_ci95": 0.02548914816945491,
      "tail_interval_average_reward_mean": 2.123311111111111,
      "tail_interval_average_reward_se": 0.013004667433395364
    },
    {
      "collision_rate_over_stream_ci95": 0.005005464476930882,
      "collision_rate_over_stream_mean": 0.07520111111111111,
      "collision_rate_over_stream_se": 0.002553808406597389,
      "early_exact_policy_gain_ci95": 0.2143485908472241,
      "early_exact_policy_gain_mean": 1.5636416710911987,
      "early_exact_policy_gain_se": 0.10936152594246128,
      "elapsed_seconds_ci95": 0.09576011511651238,
      "elapsed_seconds_mean": 4.228663692219803,
      "elapsed_seconds_se": 0.04885720159005733,
      "goals_per_1000_over_stream_ci95": 9.909915749917126,
      "goals_per_1000_over_stream_mean": 145.88888888888889,
      "goals_per_1000_over_stream_se": 5.056079464243432,
      "label": "SARSA($\\lambda$)",
      "learning_curve_gain_auc_ci95": 0.19766554574383358,
      "learning_curve_gain_auc_mean": 1.8746940457537324,
      "learning_curve_gain_auc_se": 0.10084976823664979,
      "method": "sarsa_lambda",
      "n": 30,
      "oracle_gain": 2.3901108733171577,
      "policy_gain_ratio": 0.8108450138118172,
      "steps_to_80pct_oracle_ci95": 2009.1350762926006,
      "steps_to_80pct_oracle_mean": 2833.3333333333335,
      "steps_to_80pct_oracle_se": 1025.0689164758166,
      "tail_exact_policy_gain_ci95": 0.2092662002710217,
      "tail_exact_policy_gain_mean": 1.938009484086625,
      "tail_exact_policy_gain_se": 0.10676846952603147,
      "tail_interval_average_reward_ci95": 0.2070151412117737,
      "tail_interval_average_reward_mean": 2.0305055555555556,
      "tail_interval_average_reward_se": 0.105619970006007
    },
    {
      "collision_rate_over_stream_ci95": 0.005349795495761576,
      "collision_rate_over_stream_mean": 0.07162444444444445,
      "collision_rate_over_stream_se": 0.0027294874978375386,
      "early_exact_policy_gain_ci95": 0.2776739592745851,
      "early_exact_policy_gain_mean": 1.6324729211794091,
      "early_exact_policy_gain_se": 0.1416703873849924,
      "elapsed_seconds_ci95": 0.16767624366582423,
      "elapsed_seconds_mean": 8.066590206728627,
      "elapsed_seconds_se": 0.08554910391113481,
      "goals_per_1000_over_stream_ci95": 11.012347831916664,
      "goals_per_1000_over_stream_mean": 143.4911111111111,
      "goals_per_1000_over_stream_se": 5.618544812202379,
      "label": "Replay-Q (10)",
      "learning_curve_gain_auc_ci95": 0.22228304241063884,
      "learning_curve_gain_auc_mean": 1.8835866830208898,
      "learning_curve_gain_auc_se": 0.11340971551563206,
      "method": "replay_q_p10",
      "n": 30,
      "oracle_gain": 2.3901108733171577,
      "policy_gain_ratio": 0.8285199330279892,
      "steps_to_80pct_oracle_ci95": 2163.32645802354,
      "steps_to_80pct_oracle_mean": 2933.3333333333335,
      "steps_to_80pct_oracle_se": 1103.7379887875204,
      "tail_exact_policy_gain_ci95": 0.20824803151739582,
      "tail_exact_policy_gain_mean": 1.9802545006902004,
      "tail_exact_policy_gain_se": 0.10624899567214073,
      "tail_interval_average_reward_ci95": 0.2075027800373453,
      "tail_interval_average_reward_mean": 2.038805555555556,
      "tail_interval_average_reward_se": 0.10586876532517617
    },
    {
      "collision_rate_over_stream_ci95": 0.006122045556602971,
      "collision_rate_over_stream_mean": 0.07788222222222223,
      "collision_rate_over_stream_se": 0.003123492630919883,
      "early_exact_policy_gain_ci95": 0.20947583035372067,
      "early_exact_policy_gain_mean": 1.729681092755239,
      "early_exact_policy_gain_se": 0.10687542364985748,
      "elapsed_seconds_ci95": 0.5975487251767535,
      "elapsed_seconds_mean": 8.31635186644271,
      "elapsed_seconds_se": 0.30487179855956814,
      "goals_per_1000_over_stream_ci95": 9.368025208829058,
      "goals_per_1000_over_stream_mean": 138.15666666666667,
      "goals_per_1000_over_stream_se": 4.7796046983821725,
      "label": "Dyna latest (10)",
      "learning_curve_gain_auc_ci95": 0.1895660425400402,
      "learning_curve_gain_auc_mean": 1.7507722939525137,
      "learning_curve_gain_auc_se": 0.09671736864287765,
      "method": "dyna_latest_p10",
      "n": 30,
      "oracle_gain": 2.3901108733171577,
      "policy_gain_ratio": 0.7354381084665258,
      "steps_to_80pct_oracle_ci95": 1998.1159708460848,
      "steps_to_80pct_oracle_mean": 3166.6666666666665,
      "steps_to_80pct_oracle_se": 1019.4469239010637,
      "tail_exact_policy_gain_ci95": 0.2110206653703821,
      "tail_exact_policy_gain_mean": 1.7577786196976464,
      "tail_exact_policy_gain_se": 0.1076636047808072,
      "tail_interval_average_reward_ci95": 0.19600805353420175,
      "tail_interval_average_reward_mean": 1.8594388888888886,
      "tail_interval_average_reward_se": 0.10000410894602131
    },
    {
      "collision_rate_over_stream_ci95": 0.0008272160727354808,
      "collision_rate_over_stream_mean": 0.07626111111111111,
      "collision_rate_over_stream_se": 0.00042204901670177595,
      "early_exact_policy_gain_ci95": 0.054956496595875835,
      "early_exact_policy_gain_mean": 2.063342492258171,
      "early_exact_policy_gain_se": 0.028039028875446854,
      "elapsed_seconds_ci95": 0.020287523687669742,
      "elapsed_seconds_mean": 8.293126326488952,
      "elapsed_seconds_se": 0.010350777391668236,
      "goals_per_1000_over_stream_ci95": 0.48135208752728853,
      "goals_per_1000_over_stream_mean": 150.1477777777778,
      "goals_per_1000_over_stream_se": 0.2455877997588207,
      "label": "Dyna empirical (5)",
      "learning_curve_gain_auc_ci95": 0.035561543471496336,
      "learning_curve_gain_auc_mean": 2.044402367641266,
      "learning_curve_gain_auc_se": 0.018143644628314456,
      "method": "dyna_empirical_p5",
      "n": 30,
      "oracle_gain": 2.3901108733171577,
      "policy_gain_ratio": 0.8352033848122766,
      "steps_to_80pct_oracle_ci95": 123.72358265187185,
      "steps_to_80pct_oracle_mean": 1133.3333333333333,
      "steps_to_80pct_oracle_se": 63.124276863199924,
      "tail_exact_policy_gain_ci95": 0.0901151987797453,
      "tail_exact_policy_gain_mean": 1.9962286914711167,
      "tail_exact_policy_gain_se": 0.04597714223456393,
      "tail_interval_average_reward_ci95": 0.019546502178807813,
      "tail_interval_average_reward_mean": 2.1168222222222224,
      "tail_interval_average_reward_se": 0.009972705193269293
    },
    {
      "collision_rate_over_stream_ci95": 0.0020034677650264832,
      "collision_rate_over_stream_mean": 0.07559888888888887,