{
  "aggregate": [
    {
      "collision_rate_over_stream_ci95": 0.0019292934821007997,
      "collision_rate_over_stream_mean": 0.07724333333333334,
      "collision_rate_over_stream_se": 0.000984333409235102,
      "early_exact_policy_gain_ci95": 0.0693488312539682,
      "early_exact_policy_gain_mean": 1.236305755873027,
      "early_exact_policy_gain_se": 0.03538205676222867,
      "elapsed_seconds_ci95": 0.6089668722759093,
      "elapsed_seconds_mean": 6.3492089678843815,
      "elapsed_seconds_se": 0.31069738381423945,
      "goals_per_1000_over_stream_ci95": 0.9935224889885536,
      "goals_per_1000_over_stream_mean": 150.21444444444444,
      "goals_per_1000_over_stream_se": 0.5068992290757927,
      "label": "Q-learning",
      "learning_curve_gain_auc_ci95": 0.022394704641794456,
      "learning_curve_gain_auc_mean": 1.8872862027003405,
      "learning_curve_gain_auc_se": 0.011425869715201252,
      "method": "q_learning",
      "n": 30,
      "oracle_gain": 2.3901108733171577,
      "policy_gain_ratio": 0.8513892216781703,
      "steps_to_80pct_oracle_ci95": 187.16878444263028,
      "steps_to_80pct_oracle_mean": 923.3333333333334,
      "steps_to_80pct_oracle_se": 95.49427777685219,
      "tail_exact_policy_gain_ci95": 0.028332206594922173,
      "tail_exact_policy_gain_mean": 2.034914636158027,
      "tail_exact_policy_gain_se": 0.014455207446388865,
      "tail_interval_average_reward_ci95": 0.02548914816945492,
      "tail_interval_average_reward_mean": 2.123311111111111,
      "tail_interval_average_reward_se": 0.013004667433395367
    },
    {
      "collision_rate_over_stream_ci95": 0.005005464476930882,
      "collision_rate_over_stream_mean": 0.07520111111111111,
      "collision_rate_over_stream_se": 0.002553808406597389,
      "early_exact_policy_gain_ci95": 0.18254046067195479,
      "early_exact_policy_gain_mean": 1.3690809639922532,
      "early_exact_policy_gain_se": 0.09313288809793611,
      "elapsed_seconds_ci95": 1.08553816022799,
      "elapsed_seconds_mean": 7.19169901975741,
      "elapsed_seconds_se": 0.5538460001163215,
      "goals_per_1000_over_stream_ci95": 9.909915749917126,
      "goals_per_1000_over_stream_mean": 145.88888888888889,
      "goals_per_1000_over_stream_se": 5.056079464243432,
      "label": "SARSA($\\lambda$)",
      "learning_curve_gain_auc_ci95": 0.19386956862066496,
      "learning_curve_gain_auc_mean": 1.8319058007762414,
      "learning_curve_gain_auc_se": 0.09891304521462498,
      "method": "sarsa_lambda",
      "n": 30,
      "oracle_gain": 2.3901108733171577,
      "policy_gain_ratio": 0.8086652944565995,
      "steps_to_80pct_oracle_ci95": 1985.6386029325527,
      "steps_to_80pct_oracle_mean": 2003.3333333333333,
      "steps_to_80pct_oracle_se": 1013.0809198635473,
      "tail_exact_policy_gain_ci95": 0.20153353948381242,
      "tail_exact_policy_gain_mean": 1.9327997131549395,
      "tail_exact_policy_gain_se": 0.10282323443051654,
      "tail_interval_average_reward_ci95": 0.2070151412117737,
      "tail_interval_average_reward_mean": 2.0305055555555556,
      "tail_interval_average_reward_se": 0.105619970006007
    },
    {
      "collision_rate_over_stream_ci95": 0.005349795495761576,
      "collision_rate_over_stream_mean": 0.07162444444444445,
      "collision_rate_over_stream_se": 0.0027294874978375386,
      "early_exact_policy_gain_ci95": 0.2587733029756351,
      "early_exact_policy_gain_mean": 1.5135737791226884,
      "early_exact_policy_gain_se": 0.1320271953957322,
      "elapsed_seconds_ci95": 1.4304762625469998,
      "elapsed_seconds_mean": 11.50209214631468,
      "elapsed_seconds_se": 0.7298348278301019,
      "goals_per_1000_over_stream_ci95": 11.012347831916664,
      "goals_per_1000_over_stream_mean": 143.4911111111111,
      "goals_per_1000_over_stream_se": 5.618544812202379,
      "label": "Replay-Q (10)",
      "learning_curve_gain_auc_ci95": 0.22092184716107624,
      "learning_curve_gain_auc_mean": 1.862052727920832,
      "learning_curve_gain_auc_se": 0.11271522814340625,
      "method": "replay_q_p10",
      "n": 30,
      "oracle_gain": 2.3901108733171577,
      "policy_gain_ratio": 0.8323762982016099,
      "steps_to_80pct_oracle_ci95": 2157.8660054487314,
      "steps_to_80pct_oracle_mean": 2170.0,
      "steps_to_80pct_oracle_se": 1100.9520435962916,
      "tail_exact_policy_gain_ci95": 0.2056387779849854,
      "tail_exact_policy_gain_mean": 1.9894716410231525,
      "tail_exact_policy_gain_se": 0.10491774386989051,
      "tail_interval_average_reward_ci95": 0.2075027800373453,
      "tail_interval_average_reward_mean": 2.038805555555556,
      "tail_interval_average_reward_se": 0.10586876532517617
    },
    {
      "collision_rate_over_stream_ci95": 0.004622012555287422,
      "collision_rate_over_stream_mean": 0.07143444444444444,
      "collision_rate_over_stream_se": 0.002358169671065011,
      "early_exact_policy_gain_ci95": 0.27942911151761496,
      "early_exact_policy_gain_mean": 1.0638059954938521,
      "early_exact_policy_gain_se": 0.14256587322327294,
      "elapsed_seconds_ci95": 11.805606664948808,
      "elapsed_seconds_mean": 20.030842367373406,
      "elapsed_seconds_se": 6.023268706606535,
      "goals_per_1000_over_stream_ci95": 10.412199884939472,
      "goals_per_1000_over_stream_mean": 142.66666666666666,
      "goals_per_1000_over_stream_se": 5.31234688007116,
      "label": "Dyna latest (10)",
      "learning_curve_gain_auc_ci95": 0.21164370664541174,
      "learning_curve_gain_auc_mean": 1.8697728910712366,
      "learning_curve_gain_auc_se": 0.10798148298235292,
      "method": "dyna_latest_p10",
      "n": 30,
      "oracle_gain": 2.3901108733171577,
      "policy_gain_ratio": 0.8606766393266734,
      "steps_to_80pct_oracle_ci95": 2022.483987537786,
      "steps_to_80pct_oracle_mean": 3153.3333333333335,
      "steps_to_80pct_oracle_se": 1031.8795854784623,
      "tail_exact_policy_gain_ci95": 0.208323704134696,
      "tail_exact_policy_gain_mean": 2.0571125940647517,
      "tail_exact_policy_gain_se": 0.10628760415035511,
      "tail_interval_average_reward_ci95": 0.20974284296407195,
      "tail_interval_average_reward_mean": 2.0724666666666667,
      "tail_interval_average_reward_se": 0.1070116545735061
    },
    {
      "collision_rate_over_stream_ci95": 0.0055167738068547184,
      "collision_rate_over_stream_mean": 0.07055777777777777,
      "collision_rate_over_stream_se": 0.002814680513701387,
      "early_exact_policy_gain_ci95": 0.2304678595770068,
      "early_exact_policy_gain_mean": 0.7275891297655135,
      "early_exact_policy_gain_se": 0.11758564264133001,
      "elapsed_seconds_ci95": 8.461281983131972,
      "elapsed_seconds_mean": 18.715269747407486,
      "elapsed_seconds_se": 4.316980603638761,
      "goals_per_1000_over_stream_ci95": 12.327052493597419,
      "goals_per_1000_over_stream_mean": 140.5888888888889,
      "goals_per_1000_over_stream_se": 6.289312496733377,
      "label": "Dyna empirical (5)",
      "learning_curve_gain_auc_ci95": 0.24701595165004048,
      "learning_curve_gain_auc_mean": 1.7757621162880075,
      "learning_curve_gain_auc_se": 0.12602854676022474,
      "method": "dyna_empirical_p5",
      "n": 30,
      "oracle_gain": 2.3901108733171577,
      "policy_gain_ratio": 0.8669302112098374,
      "steps_to_80pct_oracle_ci95": 2311.054318783489,
      "steps_to_80pct_oracle_mean": 4000.0,
      "steps_to_80pct_oracle_se": 1179.1093463181066,
      "tail_exact_policy_gain_ci95": 0.20936195987298833,
      "tail_exact_policy_gain_mean": 2.0720593242197722,
      "tail_exact_policy_gain_se": 0.10681732646581038,
      "tail_interval_average_reward_ci95": 0.2108108343979841,
      "tail_interval_average_reward_mean": 2.0865277777777775,
      "tail_interval_average_reward_se": 0.10755654816223678
    },
    {
      "collision_rate_over_stream_ci95": 0.0018299563434647293,
      "collision_rate_over_stream_mean": 0.07238888888888889,