{
  "aggregate": [
    {
      "collision_rate_over_stream_ci95": 0.0019292934821007997,
      "collision_rate_over_stream_mean": 0.07724333333333333,
      "collision_rate_over_stream_se": 0.000984333409235102,
      "early_exact_policy_gain_ci95": 0.06934960899179468,
      "early_exact_policy_gain_mean": 1.2363029310804303,
      "early_exact_policy_gain_se": 0.035382453567242185,
      "elapsed_seconds_ci95": 0.07525210877123244,
      "elapsed_seconds_mean": 5.269565832552811,
      "elapsed_seconds_se": 0.03839393304654716,
      "goals_per_1000_over_stream_ci95": 0.9935224889885536,
      "goals_per_1000_over_stream_mean": 150.21444444444444,
      "goals_per_1000_over_stream_se": 0.5068992290757927,
      "label": "Q-learning",
      "learning_curve_gain_auc_ci95": 0.022394745770308158,
      "learning_curve_gain_auc_mean": 1.887285731901329,
      "learning_curve_gain_auc_se": 0.011425890699136815,
      "method": "q_learning",
      "n": 30,
      "oracle_gain": 2.3901108733174037,
      "policy_gain_ratio": 0.8513892216779984,
      "steps_to_80pct_oracle_ci95": 187.16878444263023,
      "steps_to_80pct_oracle_mean": 923.3333333333334,
      "steps_to_80pct_oracle_se": 95.49427777685216,
      "tail_exact_policy_gain_ci95": 0.028332206594919435,
      "tail_exact_policy_gain_mean": 2.034914636157825,
      "tail_exact_policy_gain_se": 0.014455207446387468,
      "tail_interval_average_reward_ci95": 0.02548914816945492,
      "tail_interval_average_reward_mean": 2.123311111111111,
      "tail_interval_average_reward_se": 0.013004667433395367
    },
    {
      "collision_rate_over_stream_ci95": 0.005005464476930882,
      "collision_rate_over_stream_mean": 0.07520111111111111,
      "collision_rate_over_stream_se": 0.002553808406597389,
      "early_exact_policy_gain_ci95": 0.18254057438285193,
      "early_exact_policy_gain_mean": 1.368960115202281,
      "early_exact_policy_gain_se": 0.09313294611369996,
      "elapsed_seconds_ci95": 0.03671699885295885,
      "elapsed_seconds_mean": 5.661094822672506,
      "elapsed_seconds_se": 0.018733162680081045,
      "goals_per_1000_over_stream_ci95": 9.909915749917126,
      "goals_per_1000_over_stream_mean": 145.88888888888889,
      "goals_per_1000_over_stream_se": 5.056079464243432,
      "label": "SARSA($\\lambda$)",
      "learning_curve_gain_auc_ci95": 0.19386946748362494,
      "learning_curve_gain_auc_mean": 1.8318856593111037,
      "learning_curve_gain_auc_se": 0.09891299361409436,
      "method": "sarsa_lambda",
      "n": 30,
      "oracle_gain": 2.3901108733174037,
      "policy_gain_ratio": 0.8086652944564494,
      "steps_to_80pct_oracle_ci95": 1985.6386029325527,
      "steps_to_80pct_oracle_mean": 2003.3333333333333,
      "steps_to_80pct_oracle_se": 1013.0809198635473,
      "tail_exact_policy_gain_ci95": 0.20153353948362746,
      "tail_exact_policy_gain_mean": 1.9327997131547798,
      "tail_exact_policy_gain_se": 0.10282323443042217,
      "tail_interval_average_reward_ci95": 0.2070151412117737,
      "tail_interval_average_reward_mean": 2.0305055555555556,
      "tail_interval_average_reward_se": 0.105619970006007
    },
    {
      "collision_rate_over_stream_ci95": 0.005349795495761576,
      "collision_rate_over_stream_mean": 0.07162444444444445,
      "collision_rate_over_stream_se": 0.0027294874978375386,
      "early_exact_policy_gain_ci95": 0.25878659235796636,
      "early_exact_policy_gain_mean": 1.5134567134953492,
      "early_exact_policy_gain_se": 0.13203397569283998,
      "elapsed_seconds_ci95": 0.04473204084508338,
      "elapsed_seconds_mean": 9.40726867771397,
      "elapsed_seconds_se": 0.022822469818920093,
      "goals_per_1000_over_stream_ci95": 11.012347831916662,
      "goals_per_1000_over_stream_mean": 143.4911111111111,
      "goals_per_1000_over_stream_se": 5.618544812202378,
      "label": "Replay-Q (10)",
      "learning_curve_gain_auc_ci95": 0.22091998967779694,
      "learning_curve_gain_auc_mean": 1.8620332169828073,
      "learning_curve_gain_auc_se": 0.11271428044785559,
      "method": "replay_q_p10",
      "n": 30,
      "oracle_gain": 2.3901108733174037,
      "policy_gain_ratio": 0.8323762982014536,
      "steps_to_80pct_oracle_ci95": 2157.8660054487314,
      "steps_to_80pct_oracle_mean": 2170.0,
      "steps_to_80pct_oracle_se": 1100.9520435962916,
      "tail_exact_policy_gain_ci95": 0.20563877798494723,
      "tail_exact_policy_gain_mean": 1.989471641022984,
      "tail_exact_policy_gain_se": 0.10491774386987104,
      "tail_interval_average_reward_ci95": 0.20750278003734524,
      "tail_interval_average_reward_mean": 2.0388055555555558,
      "tail_interval_average_reward_se": 0.10586876532517614
    },
    {
      "collision_rate_over_stream_ci95": 0.006122045556602971,
      "collision_rate_over_stream_mean": 0.07788222222222221,
      "collision_rate_over_stream_se": 0.003123492630919883,
      "early_exact_policy_gain_ci95": 0.18344064370855387,
      "early_exact_policy_gain_mean": 1.5340226497066682,
      "early_exact_policy_gain_se": 0.09359216515742544,
      "elapsed_seconds_ci95": 0.05460741281211197,
      "elapsed_seconds_mean": 10.6293397860912,
      "elapsed_seconds_se": 0.02786092490413876,
      "goals_per_1000_over_stream_ci95": 9.368025208829058,
      "goals_per_1000_over_stream_mean": 138.15666666666667,
      "goals_per_1000_over_stream_se": 4.7796046983821725,
      "label": "Dyna latest (10)",
      "learning_curve_gain_auc_ci95": 0.18703861754206194,
      "learning_curve_gain_auc_mean": 1.7383014187091048,
      "learning_curve_gain_auc_se": 0.09542786609288875,
      "method": "dyna_latest_p10",
      "n": 30,
      "oracle_gain": 2.3901108733174037,
      "policy_gain_ratio": 0.7381359107591566,
      "steps_to_80pct_oracle_ci95": 1951.028424905509,
      "steps_to_80pct_oracle_mean": 1843.3333333333333,
      "steps_to_80pct_oracle_se": 995.4226657681169,
      "tail_exact_policy_gain_ci95": 0.1906095587416399,
      "tail_exact_policy_gain_mean": 1.764226666291505,
      "tail_exact_policy_gain_se": 0.09724977486818362,
      "tail_interval_average_reward_ci95": 0.19600805353420175,
      "tail_interval_average_reward_mean": 1.8594388888888884,
      "tail_interval_average_reward_se": 0.10000410894602131
    },
    {
      "collision_rate_over_stream_ci95": 0.0008272160727354809,
      "collision_rate_over_stream_mean": 0.0762611111111111,
      "collision_rate_over_stream_se": 0.000422049016701776,
      "early_exact_policy_gain_ci95": 0.03485076198213257,
      "early_exact_policy_gain_mean": 1.7532606332134326,
      "early_exact_policy_gain_se": 0.017781001011292128,
      "elapsed_seconds_ci95": 0.057244034943421715,
      "elapsed_seconds_mean": 11.042636993962029,
      "elapsed_seconds_se": 0.029206140277255977,
      "goals_per_1000_over_stream_ci95": 0.48135208752728864,
      "goals_per_1000_over_stream_mean": 150.14777777777778,
      "goals_per_1000_over_stream_se": 0.24558779975882075,
      "label": "Dyna empirical (5)",
      "learning_curve_gain_auc_ci95": 0.014026975523846888,
      "learning_curve_gain_auc_mean": 1.9813872299106772,
      "learning_curve_gain_auc_se": 0.007156620165228005,
      "method": "dyna_empirical_p5",
      "n": 30,
      "oracle_gain": 2.3901108733174037,
      "policy_gain_ratio": 0.8521917896888761,
      "steps_to_80pct_oracle_ci95": 89.51480624119378,
      "steps_to_80pct_oracle_mean": 586.6666666666666,
      "steps_to_80pct_oracle_se": 45.67081951081315,
      "tail_exact_policy_gain_ci95": 0.026616583508762753,
      "tail_exact_policy_gain_mean": 2.0368328626872008,
      "tail_exact_policy_gain_se": 0.013579889545287119,
      "tail_interval_average_reward_ci95": 0.019546502178807823,
      "tail_interval_average_reward_mean": 2.1168222222222224,
      "tail_interval_average_reward_se": 0.009972705193269298
    },
    {
      "collision_rate_over_stream_ci95": 0.0020034677650264832,
      "collision_rate_over_stream_mean": 0.07559888888888891,