{
  "aggregate": [
    {
      "collision_rate_over_stream_ci95": 0.007478166280583167,
      "collision_rate_over_stream_mean": 0.06939999999999999,
      "collision_rate_over_stream_se": 0.0038153909594812077,
      "elapsed_seconds_ci95": 7.432905347698004,
      "elapsed_seconds_mean": 11.584215439483524,
      "elapsed_seconds_se": 3.7922986467846957,
      "goals_per_1000_over_stream_ci95": 12.042039359653604,
      "goals_per_1000_over_stream_mean": 85.18555555555554,
      "goals_per_1000_over_stream_se": 6.143897632476328,
      "label": "Q-learning",
      "method": "q_learning",
      "n": 30,
      "oracle_gain": 1.4832158393756802,
      "policy_gain_ratio": 0.47091888329449544,
      "tail_exact_policy_gain_ci95": 0.22527278589223637,
      "tail_exact_policy_gain_mean": 0.6984743467635031,
      "tail_exact_policy_gain_se": 0.11493509484297774,
      "tail_interval_average_reward_ci95": 0.23220241915405285,
      "tail_interval_average_reward_mean": 0.8918277777777778,
      "tail_interval_average_reward_se": 0.1184706220173739
    },
    {
      "collision_rate_over_stream_ci95": 0.0056979699835723015,
      "collision_rate_over_stream_mean": 0.07930666666666666,
      "collision_rate_over_stream_se": 0.0029071275426389293,
      "elapsed_seconds_ci95": 0.21555623132786098,
      "elapsed_seconds_mean": 5.616965824241439,
      "elapsed_seconds_se": 0.10997766904482703,
      "goals_per_1000_over_stream_ci95": 6.137055444662709,
      "goals_per_1000_over_stream_mean": 96.56111111111112,
      "goals_per_1000_over_stream_se": 3.1311507370728107,
      "label": "SARSA($\\lambda$)",
      "method": "sarsa_lambda",
      "n": 30,
      "oracle_gain": 1.4832158393756802,
      "policy_gain_ratio": 0.6505548815744029,
      "tail_exact_policy_gain_ci95": 0.10119313003693221,
      "tail_exact_policy_gain_mean": 0.9649133047343242,
      "tail_exact_policy_gain_se": 0.05162914797802664,
      "tail_interval_average_reward_ci95": 0.021796674567819065,
      "tail_interval_average_reward_mean": 1.1332888888888888,
      "tail_interval_average_reward_se": 0.011120752330519932
    },
    {
      "collision_rate_over_stream_ci95": 0.007163289969142522,
      "collision_rate_over_stream_mean": 0.06531333333333332,
      "collision_rate_over_stream_se": 0.003654739780174756,
      "elapsed_seconds_ci95": 7.6728025659995565,
      "elapsed_seconds_mean": 12.291723970323801,
      "elapsed_seconds_se": 3.9146951867344675,
      "goals_per_1000_over_stream_ci95": 11.328850186451328,
      "goals_per_1000_over_stream_mean": 92.90111111111112,
      "goals_per_1000_over_stream_se": 5.780025605332311,
      "label": "Replay-Q (10)",
      "method": "replay_q_p10",
      "n": 30,
      "oracle_gain": 1.4832158393756802,
      "policy_gain_ratio": 0.49039329099600537,
      "tail_exact_policy_gain_ci95": 0.23205192472995442,
      "tail_exact_policy_gain_mean": 0.7273590967288424,
      "tail_exact_policy_gain_se": 0.11839383914793593,
      "tail_interval_average_reward_ci95": 0.23885106060676334,
      "tail_interval_average_reward_mean": 0.9515833333333334,
      "tail_interval_average_reward_se": 0.12186278602385885
    },
    {
      "collision_rate_over_stream_ci95": 0.0043540780957735895,
      "collision_rate_over_stream_mean": 0.07553555555555555,
      "collision_rate_over_stream_se": 0.002221468416211015,
      "elapsed_seconds_ci95": 0.04924233387175007,
      "elapsed_seconds_mean": 8.372106515367825,
      "elapsed_seconds_se": 0.025123639730484728,
      "goals_per_1000_over_stream_ci95": 2.816082943515597,
      "goals_per_1000_over_stream_mean": 94.64555555555555,
      "goals_per_1000_over_stream_se": 1.4367770119977537,
      "label": "Dyna latest (10)",
      "method": "dyna_latest_p10",
      "n": 30,
      "oracle_gain": 1.4832158393756802,
      "policy_gain_ratio": 0.6202755150323728,
      "tail_exact_policy_gain_ci95": 0.10169317680945782,
      "tail_exact_policy_gain_mean": 0.9200024686729231,
      "tail_exact_policy_gain_se": 0.05188427388237644,
      "tail_interval_average_reward_ci95": 0.01936574994429769,
      "tail_interval_average_reward_mean": 1.0299388888888887,
      "tail_interval_average_reward_se": 0.009880484665458005
    },
    {
      "collision_rate_over_stream_ci95": 0.002632157011702165,
      "collision_rate_over_stream_mean": 0.07527999999999999,
      "collision_rate_over_stream_se": 0.0013429372508684514,
      "elapsed_seconds_ci95": 0.047196321188990885,
      "elapsed_seconds_mean": 8.586337809357792,
      "elapsed_seconds_se": 0.02407975570866882,
      "goals_per_1000_over_stream_ci95": 2.4953938720546613,
      "goals_per_1000_over_stream_mean": 102.37111111111112,
      "goals_per_1000_over_stream_se": 1.2731601388033986,
      "label": "Dyna empirical (5)",
      "method": "dyna_empirical_p5",
      "n": 30,
      "oracle_gain": 1.4832158393756802,
      "policy_gain_ratio": 0.7241822655282109,
      "tail_exact_policy_gain_ci95": 0.07662369846888667,
      "tail_exact_policy_gain_mean": 1.074118606826407,
      "tail_exact_policy_gain_se": 0.03909372370861565,
      "tail_interval_average_reward_ci95": 0.01327488799223823,
      "tail_interval_average_reward_mean": 1.1938722222222222,
      "tail_interval_average_reward_se": 0.00677290203685624
    },
    {
      "collision_rate_over_stream_ci95": 0.004038381908773221,
      "collision_rate_over_stream_mean": 0.07556888888888888,
      "collision_rate_over_stream_se": 0.002060398933047562,
      "elapsed_seconds_ci95": 0.0595012127389562,
      "elapsed_seconds_mean": 12.456155274963628,
      "elapsed_seconds_se": 0.030357761601508267,
      "goals_per_1000_over_stream_ci95": 1.807095150707958,
      "goals_per_1000_over_stream_mean": 103.11555555555556,
      "goals_per_1000_over_stream_se": 0.9219873217897745,
      "label": "Dyna empirical (10)",
      "method": "dyna_empirical_p10",
      "n": 30,
      "oracle_gain": 1.4832158393756802,
      "policy_gain_ratio": 0.7828712169184863,
      "tail_exact_policy_gain_ci95": 0.05945979551040659,
      "tail_exact_policy_gain_mean": 1.1611669891248129,
      "tail_exact_policy_gain_se": 0.030336630362452342,
      "tail_interval_average_reward_ci95": 0.017721927913865596,
      "tail_interval_average_reward_mean": 1.2019888888888888,
      "tail_interval_average_reward_se": 0.009041799956053876
    },
    {
      "collision_rate_over_stream_ci95": 0.0011213525598386931,
      "collision_rate_over_stream_mean": 0.07504111111111111,
      "collision_rate_over_stream_se": 0.0005721186529789251,
      "elapsed_seconds_ci95": 0.029587435199883584,
      "elapsed_seconds_mean": 20.686989404509465,
      "elapsed_seconds_se": 0.015095630204022237,
      "goals_per_1000_over_stream_ci95": 0.30355597527220063,
      "goals_per_1000_over_stream_mean": 106.20777777777779,
      "goals_per_1000_over_stream_se": 0.15487549758785746,
      "label": "Dyna oracle (10)",
      "method": "dyna_oracle_p10",
      "n": 30,
      "oracle_gain": 1.4832158393756802,
      "policy_gain_ratio": 0.702886964171567,
      "tail_exact_policy_gain_ci95": 0.10487066156614401,
      "tail_exact_policy_gain_mean": 1.0425330785499545,
      "tail_exact_policy_gain_se": 0.053505439574563274,
      "tail_interval_average_reward_ci95": 0.015185168338532219,
      "tail_interval_average_reward_mean": 1.2053277777777782,
      "tail_interval_average_reward_se": 0.007747534866598071
    }
  ],
  "paired": [
    {
      "ci_excludes_zero": true,
      "method": "sarsa_lambda",
      "metric": "tail_interval_average_reward",
      "n": 30,
      "paired_difference_ci95": 0.22249513382867253,
      "paired_difference_mean": 0.24146111111111115,
      "paired_difference_se": 0.11351792542279211
    },
    {
      "ci_excludes_zero": true,
      "method": "sarsa_lambda",
      "metric": "tail_exact_policy_gain",
      "n": 30,
      "paired_difference_ci95": 0.23126669782507434,
      "paired_difference_mean": 0.26643895797082096,